experience,testScore,interviewScore,salary
0,8.0,9,52350.07278020378
2,8.0,6,51360.26200873362
8,6.0,7,66751.81950509461
5,10.0,10,72311.49927219797
7,9.0,6,67270.7423580786
6,7.0,10,69587.33624454148
3,8.0,7,56378.457059679764
12,7.0,8,82054.58515283842
