km,days,budget
100,2.0,2167.2897416002443
150,1.0,2227.97757602018
88,1.0,1460.8000214969252
180,1.0,2599.192521757239
200,1.0,2846.6691522486117
250,1.0,3465.3607284770433
275,2.0,4332.710258399755
